MSE,MAE,RMSE,explained_variance_score,max_error,median_absolute_error
71977816.85459414,3057.4854223196594,8483.974119161028,0.8516842028700545,736309.3217234646,1617.664445120774
