MSE,MAE,RMSE,explained_variance_score,max_error,median_absolute_error
82151532.51549983,3417.966530255097,9063.748259715725,0.7785297257351537,223341.850425873,1662.0091559813554
