MSE,MAE,RMSE,explained_variance_score,max_error,median_absolute_error
68210720.41762982,3512.3456859997145,8258.978170308348,0.816505104870997,221697.9085681807,1868.547912748073
