MSE,MAE,RMSE,explained_variance_score,max_error,median_absolute_error
66211480.5590019,3096.1203749184106,8137.043723552301,0.8635661798675587,599772.1593023468,1752.0926321088118
