MSE,MAE,RMSE,explained_variance_score,max_error,median_absolute_error
82230846.20982708,3578.805546000596,9068.122529489061,0.7790621525904743,223278.89969675353,1763.0016139330182
