MSE,MAE,RMSE,explained_variance_score,max_error,median_absolute_error
79667391.39732547,3191.7571180716154,8925.659157581891,0.8358392463579225,691996.9329439917,1635.1157770707105
