MSE,MAE,RMSE,explained_variance_score,max_error,median_absolute_error
89148674.0562476,3642.6772397427667,9441.85755327031,0.7607864001152611,224857.283203125,1864.8209585937502
