MSE,MAE,RMSE,explained_variance_score,max_error,median_absolute_error
1123146783.0168347,26504.7329911994,33513.38214828272,0.1250910507877122,994639.5406412864,21808.63194541971
