MSE,MAE,RMSE,explained_variance_score,max_error,median_absolute_error
992768295.945357,26129.76559514227,31508.225845727287,0.15401035869867474,251442.9722867513,21974.034889549876
