MSE,MAE,RMSE,explained_variance_score,max_error,median_absolute_error
701992290.5548439,16218.175802673744,26495.137111455828,-0.3843064906875311,194970.68795190327,7796.780155953557
