MSE,MAE,RMSE,explained_variance_score,max_error,median_absolute_error
13900425.715388335,1907.9653880293872,3728.327468904567,0.9713571884919203,120854.1875,1061.9339218749992
