MSE,MAE,RMSE,explained_variance_score,max_error,median_absolute_error
67995992.88655071,3176.1249859643794,8245.968280714564,0.8166632725166967,223836.642578125,1596.5897343750003
