MSE,MAE,RMSE,explained_variance_score,max_error,median_absolute_error
61447257.80612987,3065.0693925739356,7838.830129944766,0.8343106707431558,223270.10546875,1469.191231249999
