MSE,MAE,RMSE,explained_variance_score,max_error,median_absolute_error
62934989.52827825,3260.0084766071063,7933.157601376532,0.8310736088239086,222912.76325185824,1675.9682775351412
