MSE,MAE,RMSE,explained_variance_score,max_error,median_absolute_error
64494884.947082706,2281.090154195178,8030.870746505805,0.8671053168440146,733181.4616062168,1146.7919051626122
