MSE,MAE,RMSE,explained_variance_score,max_error,median_absolute_error
79241070.14443354,2606.0682144980547,8901.745342596223,0.8367191446392479,792948.4274322153,1279.2704047699208
