MSE,MAE,RMSE,explained_variance_score,max_error,median_absolute_error
62492867.51094389,3218.5565158891472,7905.243039334331,0.8322523070631043,224607.8953470252,1664.6265520220877
