MSE,MAE,RMSE,explained_variance_score,max_error,median_absolute_error
81165269.50257021,2577.0840387807893,9009.176960331626,0.8327529048589641,829700.9555598404,1206.4110245370866
