MSE,MAE,RMSE,explained_variance_score,max_error,median_absolute_error
127249849.99810429,5017.840081763888,11280.507523959384,0.6569606511201795,217958.6446552532,2280.5600584980866
