MSE,MAE,RMSE,explained_variance_score,max_error,median_absolute_error
6053352951.202626,10274.512761805508,77803.29653171918,-15.31584122397658,2344135.9131997405,2312.2860289344517
