MSE,MAE,RMSE,explained_variance_score,max_error,median_absolute_error
171065876.25887534,3631.5356116251955,13079.21542979071,0.5395441201794633,499606.1875,2016.4622249999993
