MSE,MAE,RMSE,explained_variance_score,max_error,median_absolute_error
45402518.57475076,3043.0832150689425,6738.1391032503,0.9064446578783575,538622.3173828125,1802.6142578125
