MSE,MAE,RMSE,explained_variance_score,max_error,median_absolute_error
150949189.9561966,6134.639905999138,12286.138122135719,0.6889576481639106,884180.0074987591,3970.1517035218767
