MSE,MAE,RMSE,explained_variance_score,max_error,median_absolute_error
291592852.58567435,7357.853842489829,17076.09008484303,0.21386468278481086,298686.59072685894,4145.321878684521
