MSE,MAE,RMSE,explained_variance_score,max_error,median_absolute_error
1113307149.962331,26552.078059179297,33366.25765593635,0.15773063826543232,997231.5822744626,21346.597721738395
