MSE,MAE,RMSE,explained_variance_score,max_error,median_absolute_error
1003460437.7268907,26299.218029983876,31677.44367411756,0.15803772570296526,248338.06227787377,21182.132952767814
