MSE,MAE,RMSE,explained_variance_score,max_error,median_absolute_error
110462745.10741258,3680.526276218304,10510.125836897128,0.7022232850691894,245486.84375,1696.46484375
