MSE,MAE,RMSE,explained_variance_score,max_error,median_absolute_error
9766677.41619313,1852.4071556117017,3125.168382054498,0.9798750341553668,75813.1123,1125.7978906249991
