MSE,MAE,RMSE,explained_variance_score,max_error,median_absolute_error
178601619.0999568,7137.639897573376,13364.191674020423,0.5186518248873047,215173.66904434975,4330.535894142347
