MSE,MAE,RMSE,explained_variance_score,max_error,median_absolute_error
1183799256.8035166,26429.426548313262,34406.38395419543,3.382038516497321e-05,999996.4517822977,21358.638028487443
