MSE,MAE,RMSE,explained_variance_score,max_error,median_absolute_error
1047704102.2380666,26016.587030265477,32368.257633645753,3.782950799979812e-05,247499.38986932117,21261.62620970938
