MSE,MAE,RMSE,explained_variance_score,max_error,median_absolute_error
1585974606.6744847,26644.476776232616,39824.29668775689,-1.4599325194356791,265352.69385,16542.926703125
