MSE,MAE,RMSE,explained_variance_score,max_error,median_absolute_error
224032282.72382495,7128.63453093993,14967.707998348476,0.5383643454738156,957852.0491275894,4510.982206819346
