MSE,MAE,RMSE,explained_variance_score,max_error,median_absolute_error
224032282.72382507,7128.634530935912,14967.70799834848,0.5383643454738152,957852.0491276232,4510.982206731103
