MSE,MAE,RMSE,explained_variance_score,max_error,median_absolute_error
184785219.8534335,7162.044322539697,13593.572740579773,0.5058844504928006,210383.0436618477,4441.762837856741
