MSE,MAE,RMSE,explained_variance_score,max_error,median_absolute_error
184785219.85341904,7162.044322537771,13593.572740579242,0.5058844504928333,210383.04366184305,4441.762837851153
