MSE,MAE,RMSE,explained_variance_score,max_error,median_absolute_error
<<<<<<< Updated upstream
150073001.72739393,6101.665500994512,12250.428634435366,0.6022964798974866,216344.15622097254,3245.7794101623185
=======
150085546.60233805,6101.73424133315,12250.9406415319,0.60228218068402,216352.69467289746,3238.711903706193
>>>>>>> Stashed changes
