MSE,MAE,RMSE,explained_variance_score,max_error,median_absolute_error
150073001.72739393,6101.665500994512,12250.428634435366,0.6022964798974866,216344.15622097254,3245.7794101623185
