MSE,MAE,RMSE,explained_variance_score,max_error,median_absolute_error
<<<<<<< Updated upstream
159452976.47501108,5477.945772898441,12627.469123898545,0.6714349455969634,950849.2859660834,3182.137797281146
=======
159452322.43012372,5477.541855420296,12627.443226169093,0.6714362933064808,950849.3299159408,3180.2461816653267
>>>>>>> Stashed changes
