MSE,MAE,RMSE,explained_variance_score,max_error,median_absolute_error
159452976.47501108,5477.945772898441,12627.469123898545,0.6714349455969634,950849.2859660834,3182.137797281146
