MSE,MAE,RMSE,explained_variance_score,max_error,median_absolute_error
145305889.03567082,5809.906404803744,12054.289238095742,0.6115746064330704,222597.142578125,2938.3773953125
