MSE,MAE,RMSE,explained_variance_score,max_error,median_absolute_error
136571982.70943797,5563.946913302544,11686.401615101116,0.636253588889182,218770.396484375,2832.291372656251
