MSE,MAE,RMSE,explained_variance_score,max_error,median_absolute_error
87307868.91888869,4920.775303847509,9343.867984881244,0.7646900580456472,220090.4156027143,2945.061169613804
