MSE,MAE,RMSE,explained_variance_score,max_error,median_absolute_error
87307868.91940036,4920.77530386318,9343.867984908626,0.7646900580442617,220090.41560262116,2945.0611698822577
