MSE,MAE,R2,explained_variance_score,max_error,mean_squared_log_error,median_absolute_error
114054106.06277692,10679.611700000001,,1.0,10679.611700000001,0.1920513698798593,10679.611700000001
