MSE,MAE,RMSE,explained_variance_score,max_error,median_absolute_error
66746013.846672036,3328.7910866037823,8169.823366919999,0.8207484065557937,223124.29090188743,1722.2018028229531
