MSE,MAE,RMSE,explained_variance_score,max_error,median_absolute_error
95044663.99155125,3106.024150602426,9749.08528999266,0.804153199987481,877582.3374642596,1599.6850987529942
