MSE,MAE,RMSE,explained_variance_score,max_error,median_absolute_error
1443575358.6117482,25985.113710292397,37994.4122024772,-1.1702533941262185,302858.0,17919.982853125
