{"Marca": 26430.058563970408, "CHEVROLET": 21994.112403416977, "DODGE": 13267.164438174274, "JEEP": 29625.751163159795, "SUBARU": 20993.486319696967, "FORD": 18015.884132325384, "RENAULT": 15979.224346535155, "HONDA": 18642.236016813185, "CITRO\u00cbN": 21755.326034162306, "PEUGEOT": 23140.533682920795, "HYUNDAI": 18912.49380096154, "VOLKSWAGEN": 28350.686190283202, "MITSUBISHI": 13281.226538666668, "AUDI": 50971.68086858638, "KIA": 23699.330784146343, "TOYOTA": 35387.680994272356, "FIAT": 17396.18646211849, "NISSAN": 24292.34410673759, "BMW": 47584.93708098592, "SUZUKI": 11730.610212068965, "VOLVO": 46469.300301724135, "MERCEDES-BENZ": 53977.105087768236, "LAND": 36185.71255737704, "BAIC": 28720.255960227278, "CHERY": 14439.141462580643, "SSANGYONG": 7394.590842857143, "ALFA": 78007.96, "PORSCHE": 97418.05016190477, "LEXUS": 59219.713149999996, "LIFAN": 15153.944174999999, "HAVAL": 32202.193299999988, "JETOUR": 33374.51454166666, "DAIHATSU": 7677.5485499999995, "DS": 58981.29479666667, "JAGUAR": 65500.0, "OTRO": 25993.592239999998, "ISUZU": 10418.982695652176, "JAC": 18443.703883333335, "GEELY": 18146.682841666665, "MINI": 66242.85714285714, "Modelo": 26430.058563970408, "TRACKER": 20198.785857937684, "JOURNEY": 13267.164438174274, "RENEGADE": 23016.05462362013, "FORESTER": 22744.210636956523, "ECOSPORT": 12240.057102836452, "DUSTER": 14394.810668346596, "CR-V": 15939.066093657506, "C4 CACTUS": 19338.22148393701, "3008": 41815.8519930131, "CRETA": 24045.25183170732, "TIGUAN ALLSPACE": 40085.05014845816, "NATIVA": 9725.0, "Q5": 46082.38233936508, "GRAND CHEROKEE": 39961.37008222996, "SPORTAGE": 27683.54027142857, "CAPTIVA": 13944.660551336898, "TAOS": 33628.24313552312, "CAPTUR": 17694.601214016173, "SW4": 38889.264219460725, "SANTA FE": 17240.211221374044, "KOLEOS": 19337.4858425, "Q3": 34914.36190564971, "COMPASS": 32865.74568184819, "PULSE": 17270.043430434784, "DUSTER OROCH": 16292.60002932331, "HR-V": 21524.141055944056, "RAV4": 26515.31095592417, "X-TERRA": 12319.342790384615, "T-CROSS": 20651.74081675532, "TUCSON": 17448.449923684213, "COROLLA CROSS": 33011.772051797045, "NIVUS": 23136.824745605703, "TRAILBLAZER": 36225.79181197183, "SORENTO": 21108.420712820513, "X6": 59603.703117105266, "JIMNY": 16100.0, "X-TRAIL": 34707.18927603306, "XC40": 63963.63636363636, "HILUX": 31160.802305494508, "SURAN": 20478.998510526315, "CLASE GLC": 62874.622136, "2008": 15274.418531559633, "TERRITORY": 35693.590510169495, "TIGUAN": 19017.628285987263, "LAND CRUISER": 42650.39154109589, "EQUINOX": 36916.19540691825, "Q7": 47305.622125, "X1": 34901.23354043716, "OUTBACK": 16966.82039, "X3": 47972.40951621621, "500X": 18946.32001730769, "DISCOVERY": 24677.30361818182, "C5 AIRCROSS": 40165.38462747253, "X5": 53433.81798173913, "CLASE GLA": 43347.94626870229, "COMMANDER": 54327.598511111115, "C4 AIRCROSS": 14533.883500000002, "X35": 23813.80028571429, "BLAZER": 7593.156266666666, "BRONCO SPORT": 43156.18021186441, "TIGGO": 8692.859587692308, "SOUL": 12483.94269512195, "EVOQUE": 46915.275808163264, "MONTERO": 13789.875176190477, "CLASE GLK": 21314.365954666664, "BRONCO": 25967.587815384617, "Q3 SPORTBACK": 63218.42105263158, "KUGA": 22504.344768627452, "SELTOS": 31430.051314285716, "MUSSO": 6754.633709090908, "KICKS": 21966.397358928574, "WRANGLER": 49104.39266481482, "EXPLORER": 7889.56310625, "STELVIO": 78007.96, "CAYENNE": 77923.93115636364, "CHEROKEE": 19723.454432258062, "C3 AIRCROSS": 20560.6796125, "XC60": 35778.317152777774, "TIGGO 3": 12689.742396, "OUTLANDER": 13153.294035714285, "TIGGO 2": 14872.095292592594, "UX": 45550.0, "ML": 24629.361958974358, "PATHFINDER": 9195.143923529411, "4008": 14899.911352173915, "X2": 63078.483241935486, "SPIN": 17434.433650000003, "X55": 36253.8592225, "CLASE GLB": 69299.908071875, "X70": 29497.54424705882, "Q8": 160120.83333333334, "CLASE GLE": 123371.48206938777, "KONA": 28461.51809090909, "Q2": 44288.96414554456, "5008": 45489.104644444444, "GRAND VITARA": 10591.784065079366, "SERIE 4": 55588.88888888889, "DEFENDER": 54752.6074, "H1": 16355.3398, "TOUAREG": 23535.825242307692, "MOHAVE": 15325.242733333333, "TIGGO 4 PRO": 27298.246167741938, "H6": 36430.078893750004, "FEROZA": 10798.5437, "208": 22531.5534, "SANDERO": 14706.938025000001, "PATRIOT": 12626.450592857143, "TIGGO 5": 15270.862140000001, "Q5 SPORTBACK": 112389.375, "VERACRUZ": 13855.3398, "GRAND SANTA F\u00c9": 34112.666666666664, "MURANO": 18418.03701875, "MACAN": 133832.14285714287, "VITARA": 11585.616295652175, "DS7 CROSSBACK": 55559.466025, "DS3": 49663.300980000015, "CLASE ML": 28981.81818181818, "KANGOO": 22970.873799999998, "TERIOS": 6117.050975, "F-PACE": 65500.0, "X4": 50834.36238372093, "X25": 12841.423933333333, "DS7": 63556.37600000001, "TIGGO 4": 23647.01677272727, "GALLOPER": 7531.156218181818, "NX": 66359.2988111111, "RANGE ROVER": 29981.25, "TIGGO 8 PRO": 45877.31683636364, "JOLION": 30072.81555, "TROOPER": 10881.137314285716, "C3": 17267.15799090909, "S5": 17653.074433333335, "PILOT": 23925.0, "MYWAY": 12863.548100000002, "AGILE": 6795.1456, "RODEO": 8544.382800000001, "E-TRON": 153266.66666666666, "EMGRAND X7 SPORT": 18146.682841666665, "FREELANDER": 11429.790494736842, "CROSSFOX": 8252.4272, "MUSTANG": 105021.74756666667, "CLASE GL": 57900.0, "SAMURAI": 11999.5, "4RUNNER": 15171.1771875, "TERRANO II": 8613.1068, "COOPER COUNTRYMAN": 55180.0, "COUPE": 85430.40684761906, "ACTYON": 9741.100333333334, "LX": 16470.650416894976, "AMIGO": 13745.0, "S2": 19234.333333333332, "PANAMERA": 150000.0, "C-HR": 48000.0, "C4": 22000.0, "CLASE E": 295000.0, "GRAND BLAZER": 10194.1748, "Versi\u00f3n": 26430.058563970408, "PREMIER": 30978.771348626375, "SXT": 14069.50199760479, "SPORT": 27102.331758280437, "LONGITUDE": 27621.83343267327, "LIMITED": 38501.88734891304, "TITANIUM": 21838.87394613402, "CONFORT": 11083.653987784091, "DYNAMIQUE": 13737.62136589404, "GL": 14291.604561500002, "HIGHLINE": 33240.37476656101, "GLX": 13040.188464705883, "QUATTRO": 46443.431693555554, "LAREDO": 11259.2233, "EX": 22032.662880966327, "LTZ": 20813.410461103635, "INTENS": 18705.13624618182, "SRV": 22461.70647043795, "GLS": 14543.216674251498, "SRX": 44162.352079206044, "PRIVILEGE": 14958.310485044643, "COMFORTLINE": 26252.088337006804, "DRIVE": 15439.476199107145, "OUTSIDER": 17159.89248278146, "VX": 30739.08379324324, "SE": 14094.19626374172, "SEG": 34824.94947525253, "MPETUS": 17524.79336937799, "LT": 20771.650677404923, "LIFE": 47324.041901030934, "XLS": 9061.033478346455, "EXPRESSION": 12191.167807758622, "JLX": 11880.065430434785, "ICONIC": 25000.231253333335, "GT": 48235.36968076924, "EXCLUSIVE": 34056.31618644068, "EX L": 21932.936293567254, "TRENDLINE": 23481.8764516129, "LTZ+": 15998.432967420815, "LUCE": 11290.300611111112, "FELINE": 16452.26152248804, "XLT": 7569.573539240507, "STYLE": 16764.536488709677, "FREESTYLE": 13132.768120873787, "ALLURE": 15092.701142528736, "SR": 29753.7222625, "ACTIVE": 18400.162227631576, "XLI": 29486.818575903606, "PACKAGE": 71007.67313809524, "CROSS": 22467.718445, "HSE": 58518.57093870968, "URBAN": 35577.58401846154, "DLX": 7140.653525, "WILDTRACK": 47270.92986119403, "ROCK": 9179.288033333332, "PRESTIGE": 33392.857142857145, "POP": 15580.999743243243, "XL": 7641.5126267175565, "LS": 13849.950202531643, "ZEN": 17221.816742105264, "SRT": 50395.69300344827, "AUDACE": 20820.982627777776, "XLINE": 46486.152999107144, "SERIE-S": 39169.177475000004, "EXECUTIVE": 22402.350793798447, "601": 5106.019399999999, "XEI": 31736.63986037736, "ADVANCE": 39239.39948235294, "X LINE": 65050.0, "EMOTION": 23779.200424000006, "SEL": 28472.132865546217, "TREND": 27573.938274226803, "TX": 48217.66990181818, "OVERLAND": 42102.96144782608, "S": 34130.55479547739, "MOMENTUM": 45210.0, "LUXURY": 25758.173115897436, "GR": 40645.097084375, "INSCRIPTION": 46414.9271875, "PROGRESSIVE": 76304.45719545454, "SAFETY": 28007.974174000003, "EXCELLENCE": 71693.33333333333, "RS": 38407.11045384615, "DYNAMIC": 28725.0, "PLATINUM": 66759.47193333333,