MSE,MAE,RMSE,explained_variance_score,max_error,median_absolute_error
1179346485.6501577,29092.002640892075,34341.614488112784,0.10206309124887014,251997.7288267273,23702.552186969475
