MSE,MAE,RMSE,explained_variance_score,max_error,median_absolute_error
98837448.53220479,3830.2863038283363,9941.702496665488,0.7336340965675137,223013.29184560728,1691.3753487312915
