MSE,MAE,RMSE,explained_variance_score,max_error,median_absolute_error
115881102.76982169,4790.175625919482,10764.808533820826,0.688544472837655,221253.4357352397,2466.4025764237495
