MSE,MAE,RMSE,explained_variance_score,max_error,median_absolute_error
72544957.59008878,3125.5944593683707,8517.332774412936,0.8505155660045709,696145.7813002025,1693.8702226698933
