MSE,MAE,RMSE,explained_variance_score,max_error,median_absolute_error
114716281.71527272,6517.71319790836,10710.568692430516,0.7735004398995338,212511.74292918644,4684.687268636178
