MSE,MAE,RMSE,explained_variance_score,max_error,median_absolute_error
5056018.228767621,592.1836149806873,2248.5591450454713,0.9895816895086785,72896.46946309712,0.0
