MSE,MAE,RMSE,explained_variance_score,max_error,median_absolute_error
45570076.088771366,3142.365651565797,6750.561168434175,0.9060993872525926,497244.28125,1787.86328125
