MSE,MAE,RMSE,explained_variance_score,max_error,median_absolute_error
108484636.50414388,3679.8652319422335,10415.595830491115,0.707732210993665,301052.4375,1894.193603515625
