MSE,MAE,RMSE,explained_variance_score,max_error,median_absolute_error
80759871.65585968,4078.1120778837535,8986.649634644698,0.7832897378366313,218501.75552433144,1949.7434636513472
