MSE,MAE,RMSE,explained_variance_score,max_error,median_absolute_error
137142612.03936556,5171.2232662044935,11710.790410530177,0.6302696910144452,220411.03199181764,2352.472084992265
