MSE,MAE,RMSE,explained_variance_score,max_error,median_absolute_error
81331990.71442436,3277.69383682736,9018.425068404369,0.7807026238136581,223553.9893466044,1495.9335213515542
